,gdp_total_seasonCorrected,imports_goods_seasonCorrected,imports_services_seasonCorrected,household_cons_seasonCorrected,gov_consumption_seasonCorrected,business_and_household_investments_seasonCorrected,gov_investments_seasonCorrected,change_supply_seasonCorrected,exports_goods_seasonCorrected,exports_services_seasonCorrected,ALandbouwBosbouwEnVisserij_20_seasonCorrected,BDelfstoffenwinning_22_seasonCorrected,k_1012VoedingsGenotmiddelenindustrie_24_seasonCorrected,k_1315TextielKledingLederindustrie_25_seasonCorrected,k_1618HoutPapierGrafischeIndustr_26_seasonCorrected,k_19AardolieIndustrie_27_seasonCorrected,k_2021ChemieEnFarmaceutischeIndustrie_28_seasonCorrected,k_2223KunststofEnBouwmateriaalindustr_29_seasonCorrected,k_2425BasismetaalMetaalprodIndustrie_30_seasonCorrected,k_2627ElektrischeEnElektronIndustrie_31_seasonCorrected,k_28MachineIndustrie_32_seasonCorrected,k_2930Transportmiddelenindustrie_33_seasonCorrected,k_3133OverigeIndustrieEnReparatie_34_seasonCorrected,DEnergievoorziening_35_seasonCorrected,EWaterbedrijvenEnAfvalbeheer_36_seasonCorrected,FBouwnijverheid_37_seasonCorrected,GHandel_40_seasonCorrected,HVervoerEnOpslag_41_seasonCorrected,IHoreca_42_seasonCorrected,JInformatieEnCommunicatie_43_seasonCorrected,KFinancieleDienstverlening_44_seasonCorrected,LVerhuurEnHandelVanOnroerendGoed_45_seasonCorrected,MSpecialistischeZakelijkeDiensten_47_seasonCorrected,k_77VerhuurVanRoerendeGoederen_49_seasonCorrected,k_78UitzendbureausEnArbeidsbemiddeling_50_seasonCorrected,k_79ReisbureausReisorganisatieEnInfo_51_seasonCorrected,k_8082BeveiligingEnOverigeDiensten_52_seasonCorrected,OOpenbaarBestuurEnOverheidsdiensten_56_seasonCorrected,POnderwijs_57_seasonCorrected,QGezondheidsEnWelzijnszorg_58_seasonCorrected,RUCultuurRecreatieOverigeDiensten_59_seasonCorrected,ProductgebondenBelastingen_61_seasonCorrected,ProductgebondenSubsidies_62_seasonCorrected,BrutoBinnenlandsProduct_63_seasonCorrected,BeloningVanWerknemers_64_seasonCorrected,NettoExploitatieoverschot_65_seasonCorrected,BelastingenOpProductieEnInvoer_67_seasonCorrected,Subsidies_68_seasonCorrected,NettoBinnenlandsProduct_69_seasonCorrected,VerbruikVanVasteActiva_70_seasonCorrected,BrutoBinnenlandsProduct_71_seasonCorrected,BrutoBinnenlandsProduct_72_seasonCorrected,OntvangenPrimaireInkomensBuitenland_74_seasonCorrected,BetaaldePrimaireInkomensBuitenland_75_seasonCorrected,BrutoNationaalInkomen_76_seasonCorrected,OntvangenInkomensoverdrachtBuitenland_78_seasonCorrected,BetaaldeInkomensoverdrachtenBuitenland_79_seasonCorrected,BrutoBeschikbaarNationaalInkomen_80_seasonCorrected,ConsumptieveBestedingen_81_seasonCorrected,CorrectiePensioenvoorziening_82_seasonCorrected,BrutoNationaleBesparingen_83_seasonCorrected,BrutoInvesteringen_84_seasonCorrected,NationaalInkomensoverschot_85_seasonCorrected,UitvoersaldoGoederen_86_seasonCorrected,UitvoersaldoDiensten_87_seasonCorrected,CorrectiePensioenvoorziening_90_seasonCorrected,OntvangenKapitaaloverdrachten_93_seasonCorrected,BetaaldeKapitaaloverdrachten_94_seasonCorrected,NationaalVorderingensaldo_96_seasonCorrected,Voedingsmiddelen_101_seasonCorrected,DrankenEnTabak_102_seasonCorrected,KledingEnTextiel_104_seasonCorrected,SchoenenEnLederwaren_105_seasonCorrected,WoninginrichtingEnWoningdecoratie_106_seasonCorrected,ElektrischeApparatuur_107_seasonCorrected,VervoermiddelenEnOnderdelen_108_seasonCorrected,OverigeDuurzameGoederen_109_seasonCorrected,EnergieEnWater_111_seasonCorrected,BrandstoffenEnOverigeGoederen_112_seasonCorrected,Huisvesting_114_seasonCorrected,Horecadiensten_115_seasonCorrected,RecreatieEnCultuurdiensten_116_seasonCorrected,VervoerEnCommunicatieDiensten_117_seasonCorrected,MedischeDienstenEnWelzijnszorg_118_seasonCorrected,FinancieleEnZakelijkeDiensten_119_seasonCorrected,OverigeDiensten_120_seasonCorrected,BinnenlandsConsumptieHuishoudens_121_seasonCorrected,ConsumptieIngezetenenInHetBuitenland_122_seasonCorrected,ConsumptieNietIngezetenenInNederland_123_seasonCorrected,IndividueleConsumptieOverheid_125_seasonCorrected,CollectieveConsumptieOverheid_126_seasonCorrected,WerkelijkeIndividueleConsumptie_128_seasonCorrected,WerkelijkeCollectieveConsumptie_129_seasonCorrected,Woningen_132_seasonCorrected,Gebouwen_134_seasonCorrected,GrondWegEnWaterbouwkundigeWerken_135_seasonCorrected,OverdrachtskostenOpGrond_136_seasonCorrected,Vervoermiddelen_137_seasonCorrected,Computers_139_seasonCorrected,Telecommunicatieapparatuur_140_seasonCorrected,MachinesEnOverigeMaterieleActiva_141_seasonCorrected,InCultuurGebrachteActiva_142_seasonCorrected,ComputerprogrammatuurEnDatabanken_144_seasonCorrected,OnderzoekEnOntwikkeling_145_seasonCorrected,OverigeImmaterieleActiva_146_seasonCorrected,VerkoopVanGebruikteVasteActiva_147_seasonCorrected,ALandbouwBosbouwEnVisserij_150_seasonCorrected,BFNijverheidEnEnergie_151_seasonCorrected,GNCommercieleDienstverlening_152_seasonCorrected,OUNietCommercieleDienstverlening_153_seasonCorrected,VerkoopVanGebruikteVasteActiva_154_seasonCorrected,LandbouwBosbouwEnVisserijproducten_156_seasonCorrected,WinningVanDelfstoffen_157_seasonCorrected,VoedingsmiddelenDrankenEnTabak_158_seasonCorrected,TextielKledingEnProductenVanLeder_159_seasonCorrected,HoutEnPapierwarenDrukwerk_160_seasonCorrected,Aardolieproducten_161_seasonCorrected,ChemischeEnFarmaceutischeProducten_162_seasonCorrected,RubberKunststofEnMineraleProducten_163_seasonCorrected,BasismetalenEnMetaalproducten_164_seasonCorrected,MachinesEnElektrischeApparatuur_165_seasonCorrected,ElektrotechnischeEnOptischeApparatuur_166_seasonCorrected,Transportmiddelen_167_seasonCorrected,OverigeIndustrieleProducten_168_seasonCorrected,OverigeProducten_169_seasonCorrected,ConsumptieNietIngezetenenInNederland_170_seasonCorrected,UitvoerGoederenUitProductie_173_seasonCorrected,Wederuitvoer_174_seasonCorrected,ConsumptieNietIngezetenenInNederland_176_seasonCorrected,OverigeUitvoerVanDiensten_177_seasonCorrected,LandbouwBosbouwEnVisserijproducten_180_seasonCorrected,WinningVanDelfstoffen_181_seasonCorrected,VoedingsmiddelenDrankenEnTabak_182_seasonCorrected,TextielKledingEnProductenVanLeder_183_seasonCorrected,HoutEnPapierwarenDrukwerk_184_seasonCorrected,Aardolieproducten_185_seasonCorrected,ChemischeEnFarmaceutischeProducten_186_seasonCorrected,RubberKunststofEnMineraleProducten_187_seasonCorrected,BasismetalenEnMetaalproducten_188_seasonCorrected,MachinesEnElektrischeApparatuur_189_seasonCorrected,ElektrotechnischeEnOptischeApparaten_190_seasonCorrected,Transportmiddelen_191_seasonCorrected,OverigeIndustrieleProducten_192_seasonCorrected,OverigeProducten_193_seasonCorrected,ConsumptieIngezetenenInHetBuitenland_194_seasonCorrected,InvoerGoederenCif_197_seasonCorrected,InvoerDienstenCif_200_seasonCorrected,CifFobHerclassificatie_201_seasonCorrected,ProductgebondenBelastingen_203_seasonCorrected,NietProductgebondenBelastingen_204_seasonCorrected,ProductgebondenSubsidies_206_seasonCorrected,NietProductgebondenSubsidies_207_seasonCorrected
1995-01-01,,,,,,,,,,,,,,,,,,,,,,,,,,,,,,,,,,,,,,,,,,,,,,,,,,,,,,,,,,,,,,,,,,,,,,,,,,,,,,,,,,,,,,,,,,,,,,,,,,,,,,,,,,,,,,,,,,,,,,,,,,,,,,,,,,,,,,,,,,,,,,,,,,,,,,,,
1995-04-01,,,,,,,,,,,,,,,,,,,,,,,,,,,,,,,,,,,,,,,,,,,,,,,,,,,,,,,,,,,,,,,,,,,,,,,,,,,,,,,,,,,,,,,,,,,,,,,,,,,,,,,,,,,,,,,,,,,,,,,,,,,,,,,,,,,,,,,,,,,,,,,,,,,,,,,,
1995-07-01,,,,,,,,,,,,,,,,,,,,,,,,,,,,,,,,,,,,,,,,,,,,,,,,,,,,,,,,,,,,,,,,,,,,,,,,,,,,,,,,,,,,,,,,,,,,,,,,,,,,,,,,,,,,,,,,,,,,,,,,,,,,,,,,,,,,,,,,,,,,,,,,,,,,,,,,
1995-10-01,,,,,,,,,,,,,,,,,,,,,,,,,,,,,,,,,,,,,,,,,,,,,,,,,,,,,,,,,,,,,,,,,,,,,,,,,,,,,,,,,,,,,,,,,,,,,,,,,,,,,,,,,,,,,,,,,,,,,,,,,,,,,,,,,,,,,,,,,,,,,,,,,,,,,,,,
1996-01-01,135716.0,38552.0,14250.0,68465.0,31787.0,20614.0,4620.0,720.0,47309.0,15513.0,2344.0,9998.0,,,,,,,,,,,,1335.0,684.0,6109.0,,,,2245.0,7858.0,9528.0,,,,,,,,,3516.0,18122.0,101.0,135716.0,,,,,,,135716.0,135716.0,,,,,,,100272.0,,,26142.0,,,,,,,,,,,,,,,,,,,,,,,,,,,,20198.0,11586.0,88703.0,11586.0,6450.0,,,,2309.0,,,5565.0,89.0,,,,205.0,828.0,5247.0,14293.0,4928.0,205.0,,,,,,,,,,,,,,,,,,,,,,,,,,,,,,,,,,,,,,,,,
1996-04-01,137669.0,38317.0,14405.0,68947.0,31982.0,22659.0,5196.0,404.0,45900.0,15769.0,2526.0,9117.0,,,,,,,,,,,,1309.0,695.0,7940.0,,,,2316.0,7870.0,9488.0,,,,,,,,,3497.0,18296.0,103.0,137669.0,,,,,,,137669.0,137669.0,,,,,,,100912.0,,,28243.0,,,,,,,,,,,,,,,,,,,,,,,,,,,,20218.0,11701.0,89211.0,11701.0,8492.0,,,,2027.0,,,5615.0,82.0,,,,238.0,905.0,5518.0,15816.0,5693.0,238.0,,,,,,,,,,,,,,,,,,,,,,,,,,,,,,,,,,,,,,,,,
1996-07-01,139671.0,39063.0,14884.0,69830.0,32151.0,23027.0,5226.0,266.0,47409.0,16127.0,2366.0,8758.0,,,,,,,,,,,,1320.0,710.0,8019.0,,,,2370.0,8026.0,9538.0,,,,,,,,,3580.0,18759.0,103.0,139671.0,,,,,,,139671.0,139671.0,,,,,,,101952.0,,,28489.0,,,,,,,,,,,,,,,,,,,,,,,,,,,,20351.0,11733.0,90224.0,11733.0,9143.0,,,,1799.0,,,5592.0,71.0,,,,257.0,957.0,5627.0,16280.0,5497.0,257.0,,,,,,,,,,,,,,,,,,,,,,,,,,,,,,,,,,,,,,,,,
1996-10-01,140513.0,40924.0,15294.0,70743.0,32387.0,24191.0,5489.0,-200.0,48188.0,16350.0,2331.0,8457.0,,,,,,,,,,,,1342.0,724.0,8031.0,,,,2455.0,8253.0,9558.0,,,,,,,,,3610.0,18504.0,106.0,140513.0,,,,,,,140513.0,140513.0,,,,,,,103114.0,,,29494.0,,,,,,,,,,,,,,,,,,,,,,,,,,,,20490.0,11831.0,91281.0,11831.0,9300.0,,,,2399.0,,,6066.0,88.0,,,,301.0,1070.0,5881.0,17090.0,5833.0,301.0,,,,,,,,,,,,,,,,,,,,,,,,,,,,,,,,,,,,,,,,,
1997-01-01,141673.0,41620.0,15852.0,71473.0,32679.0,23935.0,4757.0,-254.0,49668.0,17175.0,2600.0,8772.0,,,,,,,,,,,,1287.0,730.0,7040.0,,,,2587.0,8564.0,9831.0,,,,,,,,,3699.0,18737.0,101.0,141673.0,,,,,,,141673.0,141673.0,,,,,,,104127.0,,,28536.0,,,,,,,,,,,,,,,,,,,,,,,,,,,,20775.0,11854.0,92282.0,11854.0,8657.0,,,,2282.0,,,6694.0,101.0,,,,252.0,962.0,5910.0,16546.0,5409.0,252.0,,,,,,,,,,,,,,,,,,,,,,,,,,,,,,,,,,,,,,,,,
1997-04-01,143455.0,43272.0,16615.0,72035.0,32814.0,24773.0,5090.0,430.0,51058.0,17507.0,2647.0,8512.0,,,,,,,,,,,,1274.0,740.0,7773.0,,,,2703.0,8552.0,9814.0,,,,,,,,,3709.0,18831.0,107.0,143455.0,,,,,,,143455.0,143455.0,,,,,,,104823.0,,,30272.0,,,,,,,,,,,,,,,,,,,,,,,,,,,,20743.0,11976.0,92845.0,11976.0,9047.0,,,,2153.0,,,6907.0,252.0,,,,284.0,1207.0,6383.0,16872.0,5545.0,284.0,,,,,,,,,,,,,,,,,,,,,,,,,,,,,,,,,,,,,,,,,
1997-07-01,145595.0,43656.0,17179.0,72819.0,33075.0,24381.0,5180.0,728.0,52285.0,18274.0,2610.0,8291.0,,,,,,,,,,,,1264.0,755.0,7856.0,,,,2850.0,8670.0,9917.0,,,,,,,,,3789.0,19152.0,105.0,145595.0,,,,,,,145595.0,145595.0,,,,,,,105867.0,,,30268.0,,,,,,,,,,,,,,,,,,,,,,,,,,,,20886.0,12092.0,93778.0,12092.0,9219.0,,,,2203.0,,,6300.0,215.0,,,,342.0,1280.0,5382.0,17409.0,5710.0,342.0,,,,,,,,,,,,,,,,,,,,,,,,,,,,,,,,,,,,,,,,,
1997-10-01,147256.0,44289.0,17758.0,73660.0,33366.0,24521.0,5205.0,1341.0,52866.0,18641.0,2477.0,8113.0,,,,,,,,,,,,1341.0,766.0,7880.0,,,,2949.0,8839.0,9972.0,,,,,,,,,3822.0,19262.0,101.0,147256.0,,,,,,,147256.0,147256.0,,,,,,,107024.0,,,31066.0,,,,,,,,,,,,,,,,,,,,,,,,,,,,21070.0,12198.0,94825.0,12198.0,9309.0,,,,2197.0,,,6251.0,170.0,,,,360.0,1240.0,5495.0,17560.0,5733.0,360.0,,,,,,,,,,,,,,,,,,,,,,,,,,,,,,,,,,,,,,,,,
1998-01-01,149317.0,46074.0,18106.0,74706.0,33821.0,26109.0,5211.0,2534.0,52997.0,18454.0,2544.0,7715.0,,,,,,,,,,,,1379.0,729.0,7877.0,,,,3076.0,9228.0,10029.0,,,,,,,,,3847.0,19540.0,97.0,149317.0,,,,,,,149317.0,149317.0,,,,,,,108511.0,,,33930.0,,,,,,,,,,,,,,,,,,,,,,,,,,,,21375.0,12348.0,96178.0,12348.0,9452.0,,,,2451.0,,,6632.0,61.0,,,,372.0,939.0,5636.0,19221.0,5817.0,372.0,,,,,,,,,,,,,,,,,,,,,,,,,,,,,,,,,,,,,,,,,
1998-04-01,150392.0,45970.0,18154.0,76063.0,34076.0,25545.0,5133.0,643.0,54542.0,18830.0,2544.0,7914.0,,,,,,,,,,,,1379.0,736.0,7880.0,,,,3210.0,9265.0,10102.0,,,,,,,,,3868.0,19513.0,108.0,150392.0,,,,,,,150392.0,150392.0,,,,,,,110123.0,,,31287.0,,,,,,,,,,,,,,,,,,,,,,,,,,,,21572.0,12398.0,97736.0,12398.0,8930.0,,,,2370.0,,,6826.0,66.0,,,,408.0,959.0,6007.0,18369.0,5649.0,408.0,,,,,,,,,,,,,,,,,,,,,,,,,,,,,,,,,,,,,,,,,
1998-07-01,151706.0,46851.0,18925.0,77392.0,34366.0,26859.0,5151.0,-118.0,55266.0,18970.0,2237.0,8175.0,,,,,,,,,,,,1359.0,743.0,8010.0,,,,3381.0,9428.0,10132.0,,,,,,,,,3899.0,20152.0,98.0,151706.0,,,,,,,151706.0,151706.0,,,,,,,111744.0,,,31850.0,,,,,,,,,,,,,,,,,,,,,,,,,,,,21790.0,12470.0,99285.0,12470.0,9140.0,,,,2618.0,,,7042.0,52.0,,,,412.0,973.0,6210.0,19289.0,5825.0,412.0,,,,,,,,,,,,,,,,,,,,,,,,,,,,,,,,,,,,,,,,,
1998-10-01,152911.0,47863.0,18824.0,78268.0,34520.0,26510.0,5296.0,-343.0,56629.0,19179.0,2525.0,8395.0,,,,,,,,,,,,1365.0,757.0,7808.0,,,,3546.0,9591.0,10137.0,,,,,,,,,3893.0,20357.0,104.0,152911.0,,,,,,,152911.0,152911.0,,,,,,,112801.0,,,31484.0,,,,,,,,,,,,,,,,,,,,,,,,,,,,21949.0,12464.0,100349.0,12464.0,9059.0,,,,2769.0,,,6462.0,87.0,,,,408.0,1046.0,5575.0,19578.0,5970.0,408.0,,,,,,,,,,,,,,,,,,,,,,,,,,,,,,,,,,,,,,,,,
1999-01-01,155808.0,48583.0,19911.0,79729.0,34673.0,28150.0,5577.0,-1008.0,57342.0,20183.0,2596.0,8082.0,,,,,,,,,,,,1294.0,796.0,8299.0,,,,3652.0,9632.0,10218.0,,,,,,,,,3985.0,20970.0,114.0,155808.0,,,,,,,155808.0,155808.0,,,,,,,114401.0,,,32796.0,,,,,,,,,,,,,,,,,,,,,,,,,,,,21961.0,12606.0,101817.0,12606.0,9420.0,,,,2862.0,,,7337.0,116.0,,,,412.0,1157.0,6111.0,20626.0,6202.0,412.0,,,,,,,,,,,,,,,,,,,,,,,,,,,,,,,,,,,,,,,,,
1999-04-01,157390.0,49777.0,20588.0,80888.0,34796.0,27859.0,5704.0,-1108.0,59331.0,20532.0,2598.0,7764.0,,,,,,,,,,,,1285.0,818.0,8473.0,,,,3809.0,9900.0,10286.0,,,,,,,,,4039.0,21117.0,113.0,157390.0,,,,,,,157390.0,157390.0,,,,,,,115691.0,,,32456.0,,,,,,,,,,,,,,,,,,,,,,,,,,,,22055.0,12635.0,103069.0,12635.0,9386.0,,,,2755.0,,,7098.0,112.0,,,,340.0,1162.0,5636.0,20750.0,6323.0,340.0,,,,,,,,,,,,,,,,,,,,,,,,,,,,,,,,,,,,,,,,,
1999-07-01,159525.0,51384.0,21159.0,81805.0,35128.0,29169.0,5887.0,10.0,59603.0,20833.0,2604.0,7273.0,,,,,,,,,,,,1316.0,840.0,8531.0,,,,3948.0,10097.0,10315.0,,,,,,,,,4099.0,21652.0,115.0,159525.0,,,,,,,159525.0,159525.0,,,,,,,116979.0,,,35077.0,,,,,,,,,,,,,,,,,,,,,,,,,,,,22247.0,12776.0,104211.0,12776.0,9231.0,,,,2764.0,,,7908.0,89.0,,,,370.0,1253.0,6330.0,21222.0,6596.0,370.0,,,,,,,,,,,,,,,,,,,,,,,,,,,,,,,,,,,,,,,,,
1999-10-01,161440.0,53494.0,21627.0,82272.0,35517.0,30084.0,5747.0,202.0,62130.0,21373.0,2660.0,7048.0,,,,,,,,,,,,1328.0,852.0,8595.0,,,,4157.0,10193.0,10299.0,,,,,,,,,4086.0,21781.0,117.0,161440.0,,,,,,,161440.0,161440.0,,,,,,,117843.0,,,36019.0,,,,,,,,,,,,,,,,,,,,,,,,,,,,22516.0,12897.0,104952.0,12897.0,9288.0,,,,2619.0,,,8105.0,54.0,,,,320.0,1293.0,6523.0,21669.0,6662.0,320.0,,,,,,,,,,,,,,,,,,,,,,,,,,,,,,,,,,,,,,,,,
2000-01-01,162995.0,55118.0,21642.0,83405.0,35809.0,29059.0,5888.0,-417.0,65173.0,21562.0,2630.0,7155.0,,,,,,,,,,,,1332.0,862.0,8606.0,,,,4343.0,10148.0,10390.0,,,,,,,,,4136.0,22175.0,115.0,162995.0,,,,,,,162995.0,162995.0,,,,,,,119286.0,,,34581.0,,,,,,,,,,,,,,,,,,,,,,,,,,,,22852.0,12863.0,106445.0,12863.0,9171.0,,,,2661.0,,,6965.0,105.0,,,,298.0,1191.0,5655.0,21702.0,6673.0,298.0,,,,,,,,,,,,,,,,,,,,,,,,,,,,,,,,,,,,,,,,,
2000-04-01,164685.0,56938.0,22133.0,83679.0,36113.0,29645.0,5884.0,115.0,66939.0,21866.0,2593.0,7195.0,,,,,,,,,,,,1320.0,884.0,8766.0,,,,4501.0,10248.0,10424.0,,,,,,,,,4181.0,22309.0,109.0,164685.0,,,,,,,164685.0,164685.0,,,,,,,119848.0,,,35684.0,,,,,,,,,,,,,,,,,,,,,,,,,,,,23026.0,13000.0,106866.0,13000.0,9311.0,,,,2787.0,,,7374.0,43.0,,,,335.0,1092.0,6246.0,21738.0,6761.0,335.0,,,,,,,,,,,,,,,,,,,,,,,,,,,,,,,,,,,,,,,,,
2000-07-01,166065.0,57240.0,22356.0,84382.0,36525.0,29545.0,5803.0,-1310.0,68753.0,22221.0,2704.0,7052.0,,,,,,,,,,,,1357.0,903.0,8545.0,,,,4563.0,10352.0,10496.0,,,,,,,,,4210.0,21772.0,115.0,166065.0,,,,,,,166065.0,166065.0,,,,,,,120955.0,,,34072.0,,,,,,,,,,,,,,,,,,,,,,,,,,,,23365.0,13078.0,107894.0,13078.0,9602.0,,,,2806.0,,,7157.0,48.0,,,,350.0,1173.0,5940.0,21907.0,6654.0,350.0,,,,,,,,,,,,,,,,,,,,,,,,,,,,,,,,,,,,,,,,,
2000-10-01,167805.0,59746.0,23312.0,84924.0,36784.0,29226.0,6481.0,-979.0,71878.0,22883.0,2656.0,7117.0,,,,,,,,,,,,1332.0,902.0,8766.0,,,,4753.0,10339.0,10521.0,,,,,,,,,4220.0,22023.0,111.0,167805.0,,,,,,,167805.0,167805.0,,,,,,,121708.0,,,34766.0,,,,,,,,,,,,,,,,,,,,,,,,,,,,23571.0,13139.0,108584.0,13139.0,9774.0,,,,2850.0,,,6957.0,39.0,,,,430.0,1137.0,5917.0,22203.0,6886.0,430.0,,,,,,,,,,,,,,,,,,,,,,,,,,,,,,,,,,,,,,,,,
2001-01-01,168623.0,59215.0,23857.0,85309.0,37496.0,29412.0,6289.0,943.0,69777.0,22806.0,2472.0,7361.0,,,,,,,,,,,,1388.0,887.0,8823.0,,,,4919.0,10231.0,10505.0,,,,,,,,,4260.0,21868.0,106.0,168623.0,,,,,,,168623.0,168623.0,,,,,,,122804.0,,,36704.0,,,,,,,,,,,,,,,,,,,,,,,,,,,,23780.0,13645.0,109192.0,13645.0,9764.0,,,,2816.0,,,6891.0,81.0,,,,539.0,1224.0,5925.0,22234.0,6832.0,539.0,,,,,,,,,,,,,,,,,,,,,,,,,,,,,,,,,,,,,,,,,
2001-04-01,169205.0,58031.0,23851.0,85696.0,37647.0,29730.0,6314.0,537.0,68467.0,23005.0,2490.0,7495.0,,,,,,,,,,,,1343.0,894.0,8729.0,,,,5031.0,10227.0,10506.0,,,,,,,,,4252.0,22351.0,108.0,169205.0,,,,,,,169205.0,169205.0,,,,,,,123387.0,,,36634.0,,,,,,,,,,,,,,,,,,,,,,,,,,,,24097.0,13541.0,109871.0,13541.0,9794.0,,,,2747.0,,,6896.0,157.0,,,,495.0,1252.0,5948.0,22198.0,7103.0,495.0,,,,,,,,,,,,,,,,,,,,,,,,,,,,,,,,,,,,,,,,,
2001-07-01,169529.0,58523.0,23578.0,86077.0,37852.0,29178.0,6428.0,647.0,68342.0,23203.0,2579.0,7405.0,,,,,,,,,,,,1348.0,900.0,8811.0,,,,5096.0,10305.0,10560.0,,,,,,,,,4255.0,22249.0,103.0,169529.0,,,,,,,169529.0,169529.0,,,,,,,123976.0,,,36324.0,,,,,,,,,,,,,,,,,,,,,,,,,,,,24098.0,13694.0,110306.0,13694.0,9764.0,,,,2792.0,,,6826.0,-14.0,,,,477.0,1071.0,6021.0,21868.0,7081.0,477.0,,,,,,,,,,,,,,,,,,,,,,,,,,,,,,,,,,,,,,,,,
2001-10-01,169662.0,56668.0,23413.0,86723.0,38170.0,29304.0,6705.0,-1036.0,67258.0,22968.0,2546.0,7222.0,,,,,,,,,,,,1397.0,903.0,8934.0,,,,5079.0,10331.0,10549.0,,,,,,,,,4226.0,22342.0,107.0,169662.0,,,,,,,169662.0,169662.0,,,,,,,124870.0,,,34991.0,,,,,,,,,,,,,,,,,,,,,,,,,,,,24313.0,13783.0,111098.0,13783.0,9940.0,,,,2828.0,,,6873.0,28.0,,,,569.0,1115.0,6096.0,22108.0,7248.0,569.0,,,,,,,,,,,,,,,,,,,,,,,,,,,,,,,,,,,,,,,,,
2002-01-01,169360.0,56938.0,24175.0,86697.0,38771.0,28523.0,6918.0,-1096.0,67788.0,23074.0,2523.0,7189.0,,,,,,,,,,,,1421.0,939.0,8890.0,,,,5192.0,10550.0,10542.0,,,,,,,,,4285.0,22767.0,92.0,169360.0,,,,,,,169360.0,169360.0,,,,,,,125475.0,,,34349.0,,,,,,,,,,,,,,,,,,,,,,,,,,,,24684.0,14014.0,111486.0,14014.0,9482.0,,,,2523.0,,,6852.0,32.0,,,,607.0,1137.0,6316.0,20865.0,7638.0,607.0,,,,,,,,,,,,,,,,,,,,,,,,,,,,,,,,,,,,,,,,,
2002-04-01,169643.0,57853.0,24216.0,86714.0,39472.0,27840.0,7029.0,-739.0,68502.0,23127.0,2495.0,7506.0,,,,,,,,,,,,1403.0,935.0,8531.0,,,,5235.0,10589.0,10549.0,,,,,,,,,4244.0,22460.0,93.0,169643.0,,,,,,,169643.0,169643.0,,,,,,,126251.0,,,34155.0,,,,,,,,,,,,,,,,,,,,,,,,,,,,25420.0,14017.0,112259.0,14017.0,9096.0,,,,2758.0,,,6718.0,44.0,,,,535.0,1153.0,5972.0,20661.0,7518.0,535.0,,,,,,,,,,,,,,,,,,,,,,,,,,,,,,,,,,,,,,,,,
2002-07-01,169779.0,58366.0,24474.0,86973.0,39536.0,27250.0,7186.0,-584.0,69162.0,23284.0,2630.0,7718.0,,,,,,,,,,,,1368.0,944.0,8768.0,,,,5264.0,10655.0,10530.0,,,,,,,,,4307.0,21438.0,88.0,169779.0,,,,,,,169779.0,169779.0,,,,,,,126609.0,,,33887.0,,,,,,,,,,,,,,,,,,,,,,,,,,,,25183.0,14266.0,112344.0,14266.0,9245.0,,,,2567.0,,,6316.0,83.0,,,,515.0,1199.0,5384.0,20660.0,7622.0,515.0,,,,,,,,,,,,,,,,,,,,,,,,,,,,,,,,,,,,,,,,,
2002-10-01,169957.0,58180.0,24299.0,87318.0,39905.0,25735.0,7244.0,-65.0,69408.0,23271.0,2538.0,7560.0,,,,,,,,,,,,1416.0,946.0,8427.0,,,,5310.0,10592.0,10551.0,,,,,,,,,4253.0,22227.0,91.0,169957.0,,,,,,,169957.0,169957.0,,,,,,,127195.0,,,32954.0,,,,,,,,,,,,,,,,,,,,,,,,,,,,25483.0,14329.0,112863.0,14329.0,9251.0,,,,2315.0,,,5780.0,86.0,,,,520.0,1172.0,4955.0,19920.0,7438.0,520.0,,,,,,,,,,,,,,,,,,,,,,,,,,,,,,,,,,,,,,,,,
2003-01-01,170347.0,59385.0,24062.0,87095.0,40276.0,26703.0,6996.0,-545.0,70409.0,23166.0,2607.0,7968.0,,,,,,,,,,,,1397.0,946.0,8296.0,,,,5369.0,10685.0,10506.0,,,,,,,,,4188.0,22310.0,94.0,170347.0,,,,,,,170347.0,170347.0,,,,,,,127391.0,,,33168.0,,,,,,,,,,,,,,,,,,,,,,,,,,,,25787.0,14408.0,113008.0,14408.0,9138.0,,,,2902.0,,,5865.0,25.0,,,,567.0,1152.0,5080.0,19671.0,8262.0,567.0,,,,,,,,,,,,,,,,,,,,,,,,,,,,,,,,,,,,,,,,,
2003-04-01,169495.0,59247.0,24074.0,86951.0,40292.0,26431.0,7191.0,-562.0,69680.0,23068.0,2725.0,6786.0,,,,,,,,,,,,1455.0,941.0,8368.0,,,,5422.0,10886.0,10459.0,,,,,,,,,4093.0,22123.0,90.0,169495.0,,,,,,,169495.0,169495.0,,,,,,,127332.0,,,33073.0,,,,,,,,,,,,,,,,,,,,,,,,,,,,25432.0,14829.0,112528.0,14829.0,8913.0,,,,3073.0,,,5790.0,60.0,,,,709.0,1227.0,5061.0,19670.0,8264.0,709.0,,,,,,,,,,,,,,,,,,,,,,,,,,,,,,,,,,,,,,,,,
2003-07-01,169520.0,58939.0,24420.0,86745.0,40367.0,26288.0,7394.0,-837.0,70145.0,23027.0,2517.0,6666.0,,,,,,,,,,,,1387.0,969.0,8297.0,,,,5465.0,10723.0,10434.0,,,,,,,,,4176.0,22575.0,87.0,169520.0,,,,,,,169520.0,169520.0,,,,,,,127243.0,,,32869.0,,,,,,,,,,,,,,,,,,,,,,,,,,,,25872.0,14431.0,112805.0,14431.0,8914.0,,,,2825.0,,,6091.0,36.0,,,,603.0,1088.0,5535.0,19390.0,8186.0,603.0,,,,,,,,,,,,,,,,,,,,,,,,,,,,,,,,,,,,,,,,,
2003-10-01,170579.0,60975.0,24359.0,87069.0,40289.0,26958.0,7341.0,-916.0,72257.0,23170.0,2659.0,7678.0,,,,,,,,,,,,1400.0,966.0,8120.0,,,,5544.0,10883.0,10519.0,,,,,,,,,4270.0,22328.0,89.0,170579.0,,,,,,,170579.0,170579.0,,,,,,,127484.0,,,33418.0,,,,,,,,,,,,,,,,,,,,,,,,,,,,25823.0,14405.0,113072.0,14405.0,8951.0,,,,3079.0,,,6634.0,59.0,,,,699.0,1139.0,6255.0,19708.0,7883.0,699.0,,,,,,,,,,,,,,,,,,,,,,,,,,,,,,,,,,,,,,,,,
2004-01-01,172164.0,61742.0,22720.0,87369.0,40210.0,27253.0,7021.0,-580.0,73626.0,22207.0,2699.0,7723.0,,,,,,,,,,,,1264.0,934.0,8172.0,,,,5436.0,11022.0,10583.0,,,,,,,,,4264.0,22549.0,93.0,172164.0,,,,,,,172164.0,172164.0,,,,,,,127578.0,,,33707.0,,,,,,,,,,,,,,,,,,,,,,,,,,,,25984.0,14170.0,113436.0,14170.0,9356.0,,,,2954.0,,,5669.0,63.0,,,,612.0,1101.0,5061.0,20366.0,8269.0,612.0,,,,,,,,,,,,,,,,,,,,,,,,,,,,,,,,,,,,,,,,,
2004-04-01,172951.0,64382.0,23903.0,87366.0,40749.0,26894.0,6758.0,-680.0,77632.0,22930.0,2782.0,7955.0,,,,,,,,,,,,1489.0,907.0,7952.0,,,,5452.0,10622.0,10580.0,,,,,,,,,4183.0,22898.0,92.0,172951.0,,,,,,,172951.0,172951.0,,,,,,,128097.0,,,33009.0,,,,,,,,,,,,,,,,,,,,,,,,,,,,26570.0,14163.0,113962.0,14163.0,9102.0,,,,2750.0,,,6315.0,45.0,,,,669.0,992.0,5860.0,19490.0,7908.0,669.0,,,,,,,,,,,,,,,,,,,,,,,,,,,,,,,,,,,,,,,,,
2004-07-01,173185.0,65753.0,24160.0,87485.0,40471.0,26616.0,6695.0,-185.0,79279.0,23189.0,2730.0,8374.0,,,,,,,,,,,,1435.0,904.0,8003.0,,,,5543.0,11346.0,10655.0,,,,,,,,,4121.0,22253.0,86.0,173185.0,,,,,,,173185.0,173185.0,,,,,,,127996.0,,,33155.0,,,,,,,,,,,,,,,,,,,,,,,,,,,,26198.0,14227.0,113772.0,14227.0,9094.0,,,,2959.0,,,5758.0,66.0,,,,687.0,1021.0,5174.0,19671.0,8058.0,687.0,,,,,,,,,,,,,,,,,,,,,,,,,,,,,,,,,,,,,,,,,
2004-10-01,173591.0,66346.0,26599.0,87546.0,40531.0,27335.0,6700.0,-448.0,79962.0,25620.0,2766.0,7472.0,,,,,,,,,,,,1429.0,920.0,8151.0,,,,5592.0,11349.0,10631.0,,,,,,,,,4151.0,22561.0,85.0,173591.0,,,,,,,173591.0,173591.0,,,,,,,128137.0,,,33648.0,,,,,,,,,,,,,,,,,,,,,,,,,,,,26381.0,14124.0,114039.0,14124.0,9173.0,,,,3033.0,,,5767.0,66.0,,,,657.0,1023.0,5133.0,20516.0,8022.0,657.0,,,,,,,,,,,,,,,,,,,,,,,,,,,,,,,,,,,,,,,,,
2005-01-01,174026.0,65936.0,24916.0,87352.0,40398.0,27433.0,6753.0,-706.0,79868.0,24331.0,2783.0,6776.0,,,,,,,,,,,,1775.0,933.0,8215.0,,,,5665.0,11162.0,10746.0,,,,,,,,,4352.0,22128.0,87.0,174026.0,,,,,,,174026.0,174026.0,,,,,,,127718.0,,,33526.0,,,,,,,,,,,,,,,,,,,,,,,,,,,,26368.0,14006.0,113753.0,14006.0,9391.0,,,,2933.0,,,5748.0,63.0,,,,686.0,1041.0,5341.0,20437.0,7980.0,686.0,,,,,,,,,,,,,,,,,,,,,,,,,,,,,,,,,,,,,,,,,
2005-04-01,175622.0,67696.0,25716.0,88106.0,40932.0,28269.0,6733.0,-519.0,81360.0,24496.0,2724.0,6679.0,,,,,,,,,,,,1771.0,917.0,8462.0,,,,5676.0,10935.0,10745.0,,,,,,,,,4257.0,22601.0,86.0,175622.0,,,,,,,175622.0,175622.0,,,,,,,129008.0,,,34549.0,,,,,,,,,,,,,,,,,,,,,,,,,,,,26731.0,14196.0,114809.0,14196.0,9897.0,,,,2747.0,,,5993.0,60.0,,,,1091.0,1090.0,5616.0,21160.0,8165.0,1091.0,,,,,,,,,,,,,,,,,,,,,,,,,,,,,,,,,,,,,,,,,
2005-07-01,177755.0,69380.0,25715.0,88917.0,41282.0,28658.0,6905.0,-635.0,83423.0,24570.0,2794.0,6417.0,,,,,,,,,,,,1800.0,929.0,8470.0,,,,5800.0,11064.0,10841.0,,,,,,,,,4271.0,23676.0,89.0,177755.0,,,,,,,177755.0,177755.0,,,,,,,130223.0,,,34952.0,,,,,,,,,,,,,,,,,,,,,,,,,,,,27240.0,14010.0,116201.0,14010.0,10064.0,,,,3213.0,,,6088.0,37.0,,,,1284.0,1057.0,5798.0,21509.0,8396.0,1284.0,,,,,,,,,,,,,,,,,,,,,,,,,,,,,,,,,,,,,,,,,
2005-10-01,178957.0,70320.0,25557.0,88899.0,41428.0,28098.0,6982.0,214.0,84182.0,25271.0,2816.0,6464.0,,,,,,,,,,,,1778.0,910.0,8608.0,,,,5835.0,11401.0,10804.0,,,,,,,,,4118.0,23631.0,85.0,178957.0,,,,,,,178957.0,178957.0,,,,,,,130350.0,,,35337.0,,,,,,,,,,,,,,,,,,,,,,,,,,,,26791.0,14617.0,115769.0,14617.0,10102.0,,,,2685.0,,,5965.0,46.0,,,,806.0,1057.0,5554.0,20951.0,8336.0,806.0,,,,,,,,,,,,,,,,,,,,,,,,,,,,,,,,,,,,,,,,,
2006-01-01,179989.0,72831.0,25626.0,87439.0,43893.0,28408.0,7145.0,190.0,86235.0,25530.0,2781.0,7426.0,,,,,,,,,,,,1847.0,909.0,8453.0,,,,5999.0,11739.0,10899.0,,,,,,,,,4070.0,23093.0,78.0,179989.0,,,,,,,179989.0,179989.0,,,,,,,131263.0,,,35777.0,,,,,,,,,,,,,,,,,,,,,,,,,,,,29617.0,14278.0,117026.0,14278.0,10167.0,,,,3063.0,,,5951.0,44.0,,,,787.0,1057.0,5494.0,21375.0,8356.0,787.0,,,,,,,,,,,,,,,,,,,,,,,,,,,,,,,,,,,,,,,,,
2006-04-01,182917.0,75197.0,25673.0,88490.0,44337.0,29436.0,7329.0,-399.0,89579.0,25395.0,2889.0,6885.0,,,,,,,,,,,,1866.0,996.0,8613.0,,,,6115.0,11760.0,10929.0,,,,,,,,,4885.0,23701.0,83.0,182917.0,,,,,,,182917.0,182917.0,,,,,,,132760.0,,,36415.0,,,,,,,,,,,,,,,,,,,,,,,,,,,,29945.0,14397.0,118351.0,14397.0,10215.0,,,,3300.0,,,6286.0,43.0,,,,802.0,1077.0,5830.0,21902.0,8693.0,802.0,,,,,,,,,,,,,,,,,,,,,,,,,,,,,,,,,,,,,,,,,
2006-07-01,183853.0,75122.0,25940.0,88512.0,44327.0,30374.0,7386.0,-1139.0,89912.0,25901.0,2869.0,5578.0,,,,,,,,,,,,1875.0,955.0,8856.0,,,,6084.0,11856.0,11006.0,,,,,,,,,4227.0,24653.0,101.0,183853.0,,,,,,,183853.0,183853.0,,,,,,,132796.0,,,36646.0,,,,,,,,,,,,,,,,,,,,,,,,,,,,30417.0,13898.0,118883.0,13898.0,10654.0,,,,3266.0,,,6598.0,46.0,,,,1278.0,1107.0,6369.0,22612.0,8878.0,1278.0,,,,,,,,,,,,,,,,,,,,,,,,,,,,,,,,,,,,,,,,,
2006-10-01,185449.0,76878.0,27095.0,88298.0,45073.0,31470.0,7911.0,-769.0,91914.0,25703.0,2693.0,5856.0,,,,,,,,,,,,1698.0,952.0,9038.0,,,,6323.0,11618.0,11042.0,,,,,,,,,4390.0,24545.0,90.0,185449.0,,,,,,,185449.0,185449.0,,,,,,,133366.0,,,38671.0,,,,,,,,,,,,,,,,,,,,,,,,,,,,30311.0,14779.0,118620.0,14779.0,10819.0,,,,3355.0,,,6796.0,39.0,,,,783.0,1153.0,6472.0,23332.0,9245.0,783.0,,,,,,,,,,,,,,,,,,,,,,,,,,,,,,,,,,,,,,,,,
2007-01-01,187544.0,77230.0,26260.0,89023.0,45480.0,32322.0,7446.0,-838.0,91671.0,26259.0,2885.0,5712.0,,,,,,,,,,,,1732.0,952.0,9302.0,,,,6495.0,12375.0,10833.0,,,,,,,,,4542.0,24581.0,77.0,187544.0,,,,,,,187544.0,187544.0,,,,,,,134454.0,,,38987.0,,,,,,,,,,,,,,,,,,,,,,,,,,,,30648.0,14846.0,119642.0,14846.0,11050.0,,,,3091.0,,,7045.0,68.0,,,,823.0,1238.0,6298.0,23964.0,9053.0,823.0,,,,,,,,,,,,,,,,,,,,,,,,,,,,,,,,,,,,,,,,,
2007-04-01,188697.0,78810.0,26456.0,89465.0,45640.0,31573.0,7506.0,-78.0,93093.0,27045.0,2901.0,5865.0,,,,,,,,,,,,1752.0,970.0,9290.0,,,,6637.0,12300.0,11117.0,,,,,,,,,4598.0,24390.0,83.0,188697.0,,,,,,,188697.0,188697.0,,,,,,,135060.0,,,39068.0,,,,,,,,,,,,,,,,,,,,,,,,,,,,30693.0,14958.0,120100.0,14958.0,10984.0,,,,3375.0,,,6834.0,81.0,,,,879.0,1259.0,6230.0,23630.0,8800.0,879.0,,,,,,,,,,,,,,,,,,,,,,,,,,,,,,,,,,,,,,,,,
2007-07-01,190776.0,81000.0,27057.0,90010.0,45963.0,32789.0,7406.0,299.0,95128.0,27469.0,2858.0,6558.0,,,,,,,,,,,,1877.0,940.0,9350.0,,,,6723.0,12666.0,11109.0,,,,,,,,,4492.0,24816.0,85.0,190776.0,,,,,,,190776.0,190776.0,,,,,,,135961.0,,,40508.0,,,,,,,,,,,,,,,,,,,,,,,,,,,,30897.0,15057.0,120898.0,15057.0,10855.0,,,,3525.0,,,7035.0,60.0,,,,828.0,1345.0,6555.0,23963.0,9094.0,828.0,,,,,,,,,,,,,,,,,,,,,,,,,,,,,,,,,,,,,,,,,
2007-10-01,193551.0,79311.0,39988.0,90780.0,46295.0,44435.0,7682.0,-917.0,96153.0,28315.0,2855.0,7218.0,,,,,,,,,,,,1973.0,970.0,9406.0,,,,6765.0,12939.0,11175.0,,,,,,,,,4580.0,25287.0,92.0,193551.0,,,,,,,193551.0,193551.0,,,,,,,137100.0,,,51191.0,,,,,,,,,,,,,,,,,,,,,,,,,,,,31346.0,14963.0,122162.0,14963.0,11064.0,,,,3501.0,,,7023.0,46.0,,,,906.0,1349.0,6570.0,35835.0,9281.0,906.0,,,,,,,,,,,,,,,,,,,,,,,,,,,,,,,,,,,,,,,,,
2008-01-01,194907.0,81431.0,27877.0,90158.0,46862.0,33819.0,8040.0,-453.0,96886.0,28947.0,2903.0,6866.0,,,,,,,,,,,,1840.0,957.0,9711.0,,,,6763.0,13487.0,11090.0,,,,,,,,,4614.0,25638.0,91.0,194907.0,,,,,,,194907.0,194907.0,,,,,,,137048.0,,,41494.0,,,,,,,,,,,,,,,,,,,,,,,,,,,,31381.0,15489.0,121581.0,15489.0,11121.0,,,,3835.0,,,7480.0,56.0,,,,894.0,1326.0,6893.0,24979.0,9512.0,894.0,,,,,,,,,,,,,,,,,,,,,,,,,,,,,,,,,,,,,,,,,
2008-04-01,195047.0,80637.0,28396.0,90902.0,46922.0,34286.0,8022.0,-454.0,96023.0,28638.0,2833.0,7158.0,,,,,,,,,,,,1855.0,1007.0,9770.0,,,,6826.0,13230.0,11223.0,,,,,,,,,4595.0,25294.0,81.0,195047.0,,,,,,,195047.0,195047.0,,,,,,,137772.0,,,41950.0,,,,,,,,,,,,,,,,,,,,,,,,,,,,31486.0,15435.0,122356.0,15435.0,11294.0,,,,3483.0,,,7785.0,89.0,,,,912.0,1397.0,7007.0,25205.0,9576.0,912.0,,,,,,,,,,,,,,,,,,,,,,,,,,,,,,,,,,,,,,,,,
2008-07-01,194523.0,81698.0,28088.0,90585.0,47372.0,34447.0,7423.0,183.0,95775.0,28741.0,3001.0,7339.0,,,,,,,,,,,,1816.0,973.0,9601.0,,,,6937.0,13370.0,11273.0,,,,,,,,,4605.0,24341.0,87.0,194523.0,,,,,,,194523.0,194523.0,,,,,,,137922.0,,,42095.0,,,,,,,,,,,,,,,,,,,,,,,,,,,,31865.0,15498.0,122429.0,15498.0,11091.0,,,,3662.0,,,7701.0,41.0,,,,926.0,1390.0,7012.0,24891.0,9430.0,926.0,,,,,,,,,,,,,,,,,,,,,,,,,,,,,,,,,,,,,,,,,
2008-10-01,192383.0,77250.0,28060.0,90331.0,47714.0,32651.0,7674.0,366.0,90284.0,28896.0,2953.0,6932.0,,,,,,,,,,,,1910.0,978.0,9564.0,,,,6938.0,13183.0,11218.0,,,,,,,,,4530.0,23485.0,82.0,192383.0,,,,,,,192383.0,192383.0,,,,,,,138032.0,,,40734.0,,,,,,,,,,,,,,,,,,,,,,,,,,,,32388.0,15338.0,122707.0,15338.0,10528.0,,,,3439.0,,,7227.0,25.0,,,,726.0,1324.0,6462.0,23772.0,9479.0,726.0,,,,,,,,,,,,,,,,,,,,,,,,,,,,,,,,,,,,,,,,,
2009-01-01,187988.0,71391.0,28137.0,89395.0,48833.0,31666.0,8128.0,-819.0,83117.0,27962.0,2849.0,6930.0,,,,,,,,,,,,1875.0,954.0,9946.0,,,,6601.0,13078.0,10998.0,,,,,,,,,4481.0,23861.0,101.0,187988.0,,,,,,,187988.0,187988.0,,,,,,,138169.0,,,39021.0,,,,,,,,,,,,,,,,,,,,,,,,,,,,32989.0,15851.0,122348.0,15851.0,10376.0,,,,3104.0,,,6974.0,22.0,,,,1018.0,1350.0,6635.0,22848.0,9920.0,1018.0,,,,,,,,,,,,,,,,,,,,,,,,,,,,,,,,,,,,,,,,,
2009-04-01,186244.0,68783.0,28564.0,88568.0,49325.0,30258.0,8150.0,-2402.0,82297.0,27997.0,3107.0,5780.0,,,,,,,,,,,,1887.0,956.0,9406.0,,,,6685.0,13501.0,11073.0,,,,,,,,,4453.0,22944.0,103.0,186244.0,,,,,,,186244.0,186244.0,,,,,,,137839.0,,,36061.0,,,,,,,,,,,,,,,,,,,,,,,,,,,,33358.0,15974.0,121894.0,15974.0,9621.0,,,,2935.0,,,6681.0,-16.0,,,,899.0,1253.0,6303.0,21959.0,9749.0,899.0,,,,,,,,,,,,,,,,,,,,,,,,,,,,,,,,,,,,,,,,,
2009-07-01,186439.0,72230.0,28249.0,88536.0,49874.0,29472.0,8172.0,-2254.0,86194.0,27257.0,3109.0,5981.0,,,,,,,,,,,,1875.0,967.0,9013.0,,,,6579.0,13292.0,11335.0,,,,,,,,,4459.0,22743.0,102.0,186439.0,,,,,,,186439.0,186439.0,,,,,,,138359.0,,,35427.0,,,,,,,,,,,,,,,,,,,,,,,,,,,,33611.0,16262.0,122123.0,16262.0,9065.0,,,,2895.0,,,6620.0,105.0,,,,989.0,1177.0,6127.0,21488.0,9778.0,989.0,,,,,,,,,,,,,,,,,,,,,,,,,,,,,,,,,,,,,,,,,
2009-10-01,187662.0,73647.0,28829.0,88572.0,49983.0,28278.0,7909.0,-376.0,88263.0,27754.0,3054.0,6644.0,,,,,,,,,,,,1796.0,972.0,8567.0,,,,6744.0,13172.0,11365.0,,,,,,,,,4427.0,22643.0,103.0,187662.0,,,,,,,187662.0,187662.0,,,,,,,138538.0,,,35871.0,,,,,,,,,,,,,,,,,,,,,,,,,,,,33768.0,16221.0,122326.0,16221.0,8629.0,,,,2138.0,,,6548.0,113.0,,,,1086.0,1138.0,6038.0,20625.0,9452.0,1086.0,,,,,,,,,,,,,,,,,,,,,,,,,,,,,,,,,,,,,,,,,
2010-01-01,187668.0,75213.0,29267.0,88336.0,49788.0,27516.0,7731.0,664.0,90412.0,28238.0,3033.0,7589.0,,,,,,,,,,,,1951.0,943.0,8167.0,,,,6573.0,12937.0,11997.0,,,,,,,,,4402.0,23163.0,101.0,187668.0,,,,,,,187668.0,187668.0,,,,,,,138040.0,,,35935.0,,,,,,,,,,,,,,,,,,,,,,,,,,,,34031.0,15754.0,122327.0,15754.0,8014.0,,,,2676.0,,,6038.0,70.0,,,,978.0,1227.0,6147.0,19428.0,9375.0,978.0,,,,,,,,,,,,,,,,,,,,,,,,,,,,,,,,,,,,,,,,,
2010-04-01,189392.0,79496.0,29446.0,88490.0,50008.0,27931.0,8136.0,2223.0,93180.0,28879.0,3069.0,7802.0,,,,,,,,,,,,1797.0,945.0,8347.0,,,,6548.0,13540.0,11479.0,,,,,,,,,4434.0,22846.0,96.0,189392.0,,,,,,,189392.0,189392.0,,,,,,,138427.0,,,38310.0,,,,,,,,,,,,,,,,,,,,,,,,,,,,34238.0,15778.0,122689.0,15778.0,8109.0,,,,2953.0,,,6235.0,62.0,,,,943.0,1256.0,6176.0,19824.0,9720.0,943.0,,,,,,,,,,,,,,,,,,,,,,,,,,,,,,,,,,,,,,,,,
2010-07-01,189559.0,78961.0,30037.0,88991.0,50119.0,27445.0,7653.0,-637.0,95577.0,29570.0,3019.0,6901.0,,,,,,,,,,,,1784.0,945.0,8123.0,,,,6593.0,13510.0,11284.0,,,,,,,,,4435.0,22944.0,96.0,189559.0,,,,,,,189559.0,189559.0,,,,,,,139041.0,,,34521.0,,,,,,,,,,,,,,,,,,,,,,,,,,,,34308.0,15812.0,123263.0,15812.0,7826.0,,,,2761.0,,,6105.0,55.0,,,,897.0,1285.0,6183.0,18842.0,9664.0,897.0,,,,,,,,,,,,,,,,,,,,,,,,,,,,,,,,,,,,,,,,,
2010-10-01,191197.0,80783.0,29826.0,89754.0,50186.0,26795.0,7729.0,-86.0,97476.0,30021.0,2998.0,6883.0,,,,,,,,,,,,2034.0,953.0,7895.0,,,,6787.0,13929.0,11390.0,,,,,,,,,4462.0,22887.0,93.0,191197.0,,,,,,,191197.0,191197.0,,,,,,,139918.0,,,34496.0,,,,,,,,,,,,,,,,,,,,,,,,,,,,34572.0,15626.0,124312.0,15626.0,7718.0,,,,2454.0,,,6112.0,29.0,,,,866.0,1252.0,6269.0,18482.0,9376.0,866.0,,,,,,,,,,,,,,,,,,,,,,,,,,,,,,,,,,,,,,,,,
2011-01-01,193303.0,81876.0,32024.0,89503.0,49843.0,30223.0,8205.0,-75.0,98761.0,31026.0,2882.0,6731.0,,,,,,,,,,,,1953.0,974.0,8793.0,,,,6678.0,13472.0,11704.0,,,,,,,,,4478.0,23049.0,97.0,193303.0,,,,,,,193303.0,193303.0,,,,,,,139222.0,,,38401.0,,,,,,,,,,,,,,,,,,,,,,,,,,,,34471.0,15372.0,123902.0,15372.0,8064.0,,,,3491.0,,,6954.0,51.0,,,,935.0,1665.0,7134.0,20885.0,9645.0,935.0,,,,,,,,,,,,,,,,,,,,,,,,,,,,,,,,,,,,,,,,,
2011-04-01,193189.0,81276.0,31174.0,89386.0,50041.0,29075.0,8064.0,-491.0,98910.0,30963.0,3098.0,6643.0,,,,,,,,,,,,1872.0,967.0,8200.0,,,,6755.0,13413.0,11478.0,,,,,,,,,4508.0,22828.0,95.0,193189.0,,,,,,,193189.0,193189.0,,,,,,,139339.0,,,36714.0,,,,,,,,,,,,,,,,,,,,,,,,,,,,34838.0,15227.0,124164.0,15227.0,7625.0,,,,3409.0,,,6980.0,51.0,,,,982.0,1600.0,7085.0,20035.0,9387.0,982.0,,,,,,,,,,,,,,,,,,,,,,,,,,,,,,,,,,,,,,,,,
2011-07-01,192911.0,82145.0,31865.0,89276.0,49848.0,28867.0,7803.0,-448.0,100183.0,31415.0,3033.0,6920.0,,,,,,,,,,,,1900.0,972.0,8007.0,,,,6802.0,13382.0,11389.0,,,,,,,,,4470.0,22392.0,94.0,192911.0,,,,,,,192911.0,192911.0,,,,,,,139045.0,,,36285.0,,,,,,,,,,,,,,,,,,,,,,,,,,,,34922.0,14948.0,124139.0,14948.0,7557.0,,,,3440.0,,,6871.0,48.0,,,,936.0,1689.0,7024.0,19673.0,9200.0,936.0,,,,,,,,,,,,,,,,,,,,,,,,,,,,,,,,,,,,,,,,,
2011-10-01,191894.0,81264.0,31692.0,88937.0,49851.0,28880.0,7573.0,-721.0,98572.0,31713.0,3076.0,6617.0,,,,,,,,,,,,1917.0,983.0,7786.0,,,,6808.0,13575.0,11418.0,,,,,,,,,4491.0,22533.0,87.0,191894.0,,,,,,,191894.0,191894.0,,,,,,,138795.0,,,35747.0,,,,,,,,,,,,,,,,,,,,,,,,,,,,34839.0,15034.0,123802.0,15034.0,7434.0,,,,3297.0,,,6897.0,15.0,,,,865.0,1549.0,7291.0,19448.0,8989.0,865.0,,,,,,,,,,,,,,,,,,,,,,,,,,,,,,,,,,,,,,,,,
2012-01-01,191722.0,82897.0,32442.0,89189.0,49321.0,28932.0,7083.0,-51.0,100667.0,31888.0,3020.0,6323.0,,,,,,,,,,,,1965.0,1007.0,7628.0,,,,6904.0,13351.0,11772.0,,,,,,,,,4426.0,22392.0,86.0,191722.0,,,,,,,191722.0,191722.0,,,,,,,138521.0,,,35986.0,,,,,,,,,,,,,,,,,,,,,,,,,,,,34386.0,14938.0,123626.0,14938.0,7059.0,,,,3384.0,,,6755.0,82.0,,,,881.0,1497.0,7193.0,19297.0,8904.0,881.0,,,,,,,,,,,,,,,,,,,,,,,,,,,,,,,,,,,,,,,,,
2012-04-01,191627.0,84284.0,33151.0,88704.0,49296.0,28518.0,7010.0,155.0,102217.0,33355.0,2996.0,6616.0,,,,,,,,,,,,1870.0,966.0,7575.0,,,,6838.0,13007.0,11615.0,,,,,,,,,4434.0,22203.0,87.0,191627.0,,,,,,,191627.0,191627.0,,,,,,,137961.0,,,35770.0,,,,,,,,,,,,,,,,,,,,,,,,,,,,34498.0,14816.0,123191.0,14816.0,6866.0,,,,3765.0,,,6396.0,102.0,,,,811.0,1539.0,7001.0,18952.0,8869.0,811.0,,,,,,,,,,,,,,,,,,,,,,,,,,,,,,,,,,,,,,,,,
2012-07-01,190712.0,83335.0,33151.0,88512.0,49211.0,27014.0,7387.0,-490.0,102601.0,33029.0,3004.0,6699.0,,,,,,,,,,,,1889.0,1006.0,7569.0,,,,6904.0,12875.0,11439.0,,,,,,,,,4428.0,21880.0,86.0,190712.0,,,,,,,190712.0,190712.0,,,,,,,137681.0,,,34004.0,,,,,,,,,,,,,,,,,,,,,,,,,,,,34525.0,14694.0,123018.0,14694.0,6554.0,,,,3040.0,,,6167.0,26.0,,,,798.0,1522.0,6948.0,17934.0,8839.0,798.0,,,,,,,,,,,,,,,,,,,,,,,,,,,,,,,,,,,,,,,,,
2012-10-01,189656.0,83668.0,33364.0,87327.0,49696.0,26309.0,7078.0,-1109.0,104018.0,33349.0,3032.0,6795.0,,,,,,,,,,,,1967.0,987.0,7175.0,,,,6655.0,12543.0,11444.0,,,,,,,,,4408.0,21569.0,89.0,189656.0,,,,,,,189656.0,189656.0,,,,,,,137013.0,,,32298.0,,,,,,,,,,,,,,,,,,,,,,,,,,,,34659.0,15050.0,121993.0,15050.0,6182.0,,,,3102.0,,,5947.0,15.0,,,,744.0,1478.0,6639.0,17320.0,8661.0,744.0,,,,,,,,,,,,,,,,,,,,,,,,,,,,,,,,,,,,,,,,,
2013-01-01,189577.0,83619.0,33354.0,87597.0,49483.0,25513.0,6837.0,-1157.0,104482.0,33913.0,2989.0,7584.0,,,,,,,,,,,,2002.0,1007.0,6884.0,,,,6905.0,13192.0,11546.0,,,,,,,,,4338.0,20913.0,84.0,189577.0,,,,,,,189577.0,189577.0,,,,,,,137005.0,,,31221.0,,,,,,,,,,,,,,,,,,,,,,,,,,,,34236.0,15247.0,121798.0,15247.0,5954.0,,,,2757.0,,,5708.0,9.0,,,,941.0,1362.0,6458.0,17321.0,8166.0,941.0,,,,,,,,,,,,,,,,,,,,,,,,,,,,,,,,,,,,,,,,,
2013-04-01,190389.0,85180.0,33979.0,87614.0,49236.0,26276.0,6910.0,1047.0,104474.0,34155.0,2951.0,7331.0,,,,,,,,,,,,1975.0,1038.0,6982.0,,,,6951.0,12867.0,11614.0,,,,,,,,,4343.0,21008.0,83.0,190389.0,,,,,,,190389.0,190389.0,,,,,,,136779.0,,,34381.0,,,,,,,,,,,,,,,,,,,,,,,,,,,,33964.0,15279.0,121539.0,15279.0,5880.0,,,,2627.0,,,5811.0,37.0,,,,1025.0,1354.0,6625.0,17910.0,8361.0,1025.0,,,,,,,,,,,,,,,,,,,,,,,,,,,,,,,,,,,,,,,,,
2013-07-01,191346.0,84669.0,35673.0,88144.0,49274.0,27405.0,7116.0,-139.0,104669.0,35269.0,3104.0,6881.0,,,,,,,,,,,,1883.0,1070.0,7140.0,,,,6958.0,12710.0,11785.0,,,,,,,,,4322.0,21380.0,82.0,191346.0,,,,,,,191346.0,191346.0,,,,,,,137342.0,,,34547.0,,,,,,,,,,,,,,,,,,,,,,,,,,,,33924.0,15352.0,122027.0,15352.0,5870.0,,,,2841.0,,,6352.0,92.0,,,,1494.0,1364.0,6795.0,18946.0,8961.0,1494.0,,,,,,,,,,,,,,,,,,,,,,,,,,,,,,,,,,,,,,,,,
2013-10-01,192502.0,85275.0,38842.0,88548.0,49311.0,30359.0,6765.0,-115.0,105298.0,36455.0,3196.0,6982.0,,,,,,,,,,,,1926.0,1087.0,7262.0,,,,6954.0,12565.0,11887.0,,,,,,,,,4285.0,21568.0,88.0,192502.0,,,,,,,192502.0,192502.0,,,,,,,137813.0,,,37118.0,,,,,,,,,,,,,,,,,,,,,,,,,,,,33935.0,15383.0,122449.0,15383.0,6000.0,,,,3830.0,,,5883.0,169.0,,,,2057.0,1398.0,6909.0,22283.0,8584.0,2057.0,,,,,,,,,,,,,,,,,,,,,,,,,,,,,,,,,,,,,,,,,
2014-01-01,192947.0,86654.0,36241.0,88054.0,49710.0,26604.0,6715.0,775.0,106715.0,37322.0,3108.0,6226.0,,,,,,,,,,,,1882.0,1098.0,7091.0,,,,7128.0,13324.0,11906.0,,,,,,,,,4312.0,21919.0,82.0,192947.0,,,,,,,192947.0,192947.0,,,,,,,137672.0,,,34185.0,,,,,,,,,,,,,,,,,,,,,,,,,,,,34235.0,15483.0,122233.0,15483.0,6165.0,,,,2711.0,,,6102.0,27.0,,,,982.0,1379.0,7228.0,17700.0,8037.0,982.0,,,,,,,,,,,,,,,,,,,,,,,,,,,,,,,,,,,,,,,,,
2014-04-01,193567.0,86784.0,36724.0,88415.0,49804.0,25984.0,6860.0,309.0,107295.0,38381.0,3169.0,5956.0,,,,,,,,,,,,2055.0,1110.0,6959.0,,,,7084.0,12957.0,11825.0,,,,,,,,,4296.0,21651.0,83.0,193567.0,,,,,,,193567.0,193567.0,,,,,,,138126.0,,,33342.0,,,,,,,,,,,,,,,,,,,,,,,,,,,,34330.0,15483.0,122687.0,15483.0,6086.0,,,,2633.0,,,6215.0,11.0,,,,1087.0,1390.0,7141.0,17477.0,7976.0,1087.0,,,,,,,,,,,,,,,,,,,,,,,,,,,,,,,,,,,,,,,,,
2014-07-01,193507.0,87926.0,37933.0,88463.0,49748.0,26177.0,6814.0,-77.0,108320.0,39789.0,3199.0,5637.0,,,,,,,,,,,,2035.0,1135.0,7068.0,,,,7114.0,12860.0,11816.0,,,,,,,,,4299.0,21459.0,83.0,193507.0,,,,,,,193507.0,193507.0,,,,,,,138127.0,,,33124.0,,,,,,,,,,,,,,,,,,,,,,,,,,,,34200.0,15551.0,122620.0,15551.0,5965.0,,,,3035.0,,,6202.0,127.0,,,,1700.0,1482.0,7242.0,18072.0,7964.0,1700.0,,,,,,,,,,,,,,,,,,,,,,,,,,,,,,,,,,,,,,,,,
2014-10-01,196123.0,88692.0,39170.0,89450.0,49500.0,28381.0,6372.0,-72.0,109613.0,40634.0,3450.0,6785.0,,,,,,,,,,,,1904.0,1152.0,7910.0,,,,7253.0,12934.0,11997.0,,,,,,,,,4317.0,20845.0,80.0,196123.0,,,,,,,196123.0,196123.0,,,,,,,138918.0,,,34814.0,,,,,,,,,,,,,,,,,,,,,,,,,,,,34130.0,15380.0,123563.0,15380.0,7064.0,,,,3114.0,,,6296.0,169.0,,,,2145.0,1540.0,7536.0,19699.0,8127.0,2145.0,,,,,,,,,,,,,,,,,,,,,,,,,,,,,,,,,,,,,,,,,
2015-01-01,196892.0,91044.0,40864.0,90053.0,49537.0,19646.0,7186.0,-116.0,111518.0,51018.0,3259.0,5561.0,,,,,,,,,,,,2030.0,1166.0,7470.0,,,,7344.0,13195.0,12169.0,,,,,,,,,4401.0,22734.0,84.0,196892.0,,,,,,,196892.0,196892.0,,,,,,,139541.0,,,26629.0,,,,,,,,,,,,,,,,,,,,,,,,,,,,34154.0,15394.0,124200.0,15394.0,7039.0,,,,3335.0,,,6335.0,388.0,,,,10069.0,1417.0,7094.0,20063.0,8369.0,10069.0,,,,,,,,,,,,,,,,,,,,,,,,,,,,,,,,,,,,,,,,,
2015-04-01,197729.0,91644.0,76690.0,90763.0,49595.0,61539.0,7117.0,390.0,112682.0,43610.0,3250.0,5392.0,,,,,,,,,,,,2182.0,1188.0,7705.0,,,,7376.0,13246.0,12005.0,,,,,,,,,4324.0,22575.0,83.0,197729.0,,,,,,,197729.0,197729.0,,,,,,,140304.0,,,69014.0,,,,,,,,,,,,,,,,,,,,,,,,,,,,34347.0,15257.0,125101.0,15257.0,7626.0,,,,3386.0,,,6216.0,-14.0,,,,896.0,1364.0,7017.0,52922.0,8426.0,896.0,,,,,,,,,,,,,,,,,,,,,,,,,,,,,,,,,,,,,,,,,
2015-07-01,198669.0,95025.0,42977.0,90621.0,49732.0,29985.0,6812.0,946.0,114340.0,44248.0,3405.0,5228.0,,,,,,,,,,,,2066.0,1200.0,7636.0,,,,7453.0,13227.0,11872.0,,,,,,,,,4402.0,22277.0,84.0,198669.0,,,,,,,198669.0,198669.0,,,,,,,140297.0,,,37905.0,,,,,,,,,,,,,,,,,,,,,,,,,,,,34343.0,15398.0,124954.0,15398.0,7662.0,,,,3685.0,,,6314.0,18.0,,,,878.0,1302.0,7135.0,20882.0,8447.0,878.0,,,,,,,,,,,,,,,,,,,,,,,,,,,,,,,,,,,,,,,,,
2015-10-01,199136.0,97214.0,43908.0,90765.0,49480.0,32337.0,6800.0,565.0,115284.0,45100.0,3474.0,4525.0,,,,,,,,,,,,1831.0,1188.0,7934.0,,,,7551.0,12929.0,11982.0,,,,,,,,,4431.0,21507.0,83.0,199136.0,,,,,,,199136.0,199136.0,,,,,,,140261.0,,,39817.0,,,,,,,,,,,,,,,,,,,,,,,,,,,,34276.0,15214.0,125067.0,15214.0,7909.0,,,,5369.0,,,6302.0,37.0,,,,866.0,1273.0,7422.0,22589.0,8707.0,866.0,,,,,,,,,,,,,,,,,,,,,,,,,,,,,,,,,,,,,,,,,
2016-01-01,200426.0,94865.0,43563.0,90717.0,49967.0,31473.0,6894.0,-662.0,116349.0,44022.0,3580.0,4788.0,,,,,,,,,,,,1995.0,1188.0,8212.0,,,,7567.0,12831.0,11745.0,,,,,,,,,4435.0,22682.0,95.0,200426.0,,,,,,,200426.0,200426.0,,,,,,,140699.0,,,37737.0,,,,,,,,,,,,,,,,,,,,,,,,,,,,34332.0,15632.0,125127.0,15632.0,8546.0,,,,4053.0,,,6082.0,140.0,,,,781.0,1276.0,7563.0,21817.0,8495.0,781.0,,,,,,,,,,,,,,,,,,,,,,,,,,,,,,,,,,,,,,,,,
2016-04-01,201975.0,99234.0,42106.0,91091.0,50006.0,32777.0,6901.0,902.0,118189.0,43471.0,3508.0,5106.0,,,,,,,,,,,,1966.0,1197.0,8230.0,,,,7681.0,12874.0,12133.0,,,,,,,,,4470.0,22918.0,99.0,201975.0,,,,,,,201975.0,201975.0,,,,,,,141051.0,,,40727.0,,,,,,,,,,,,,,,,,,,,,,,,,,,,34280.0,15724.0,125398.0,15724.0,9012.0,,,,4764.0,,,6043.0,174.0,,,,753.0,1266.0,7551.0,23131.0,8522.0,753.0,,,,,,,,,,,,,,,,,,,,,,,,,,,,,,,,,,,,,,,,,
2016-07-01,203779.0,99217.0,42668.0,91971.0,50156.0,32774.0,6939.0,1397.0,118747.0,43676.0,3440.0,4661.0,,,,,,,,,,,,2035.0,1159.0,8544.0,,,,7791.0,13074.0,12245.0,,,,,,,,,4481.0,23499.0,104.0,203779.0,,,,,,,203779.0,203779.0,,,,,,,142070.0,,,41254.0,,,,,,,,,,,,,,,,,,,,,,,,,,,,34509.0,15647.0,126494.0,15647.0,9988.0,,,,3924.0,,,6040.0,70.0,,,,778.0,1203.0,7516.0,23323.0,8471.0,778.0,,,,,,,,,,,,,,,,,,,,,,,,,,,,,,,,,,,,,,,,,
2016-10-01,205422.0,100601.0,43478.0,92859.0,50856.0,32759.0,6844.0,1004.0,120511.0,44583.0,3215.0,4452.0,,,,,,,,,,,,2102.0,1200.0,8667.0,,,,7948.0,13306.0,12109.0,,,,,,,,,4497.0,23559.0,105.0,205422.0,,,,,,,205422.0,205422.0,,,,,,,143710.0,,,40714.0,,,,,,,,,,,,,,,,,,,,,,,,,,,,34574.0,16289.0,127436.0,16289.0,10000.0,,,,3720.0,,,5894.0,68.0,,,,781.0,1178.0,7684.0,23184.0,8320.0,781.0,,,,,,,,,,,,,,,,,,,,,,,,,,,,,,,,,,,,,,,,,
2017-01-01,206630.0,102456.0,45424.0,92916.0,50379.0,33734.0,6869.0,338.0,124058.0,46278.0,3596.0,4217.0,,,,,,,,,,,,2075.0,1198.0,8835.0,,,,8025.0,12762.0,11989.0,,,,,,,,,4521.0,23590.0,105.0,206630.0,,,,,,,206630.0,206630.0,,,,,,,143187.0,,,40958.0,,,,,,,,,,,,,,,,,,,,,,,,,,,,34772.0,15602.0,127677.0,15602.0,10245.0,,,,4264.0,,,6078.0,139.0,,,,708.0,1311.0,7009.0,24417.0,8556.0,708.0,,,,,,,,,,,,,,,,,,,,,,,,,,,,,,,,,,,,,,,,,
2017-04-01,207683.0,103866.0,46967.0,93557.0,50693.0,34316.0,6635.0,731.0,124518.0,47751.0,3451.0,4086.0,,,,,,,,,,,,2051.0,1202.0,8941.0,,,,8160.0,12618.0,12255.0,,,,,,,,,4574.0,23645.0,106.0,207683.0,,,,,,,207683.0,207683.0,,,,,,,144138.0,,,41749.0,,,,,,,,,,,,,,,,,,,,,,,,,,,,34899.0,15792.0,128439.0,15792.0,10396.0,,,,4459.0,,,6207.0,67.0,,,,709.0,1237.0,7099.0,24897.0,8492.0,709.0,,,,,,,,,,,,,,,,,,,,,,,,,,,,,,,,,,,,,,,,,
2017-07-01,209264.0,106322.0,47873.0,94622.0,51073.0,35755.0,7080.0,271.0,126599.0,47862.0,3401.0,3970.0,,,,,,,,,,,,2085.0,1188.0,9123.0,,,,8184.0,12607.0,12332.0,,,,,,,,,4607.0,23850.0,110.0,209264.0,,,,,,,209264.0,209264.0,,,,,,,145585.0,,,43098.0,,,,,,,,,,,,,,,,,,,,,,,,,,,,35354.0,15720.0,129957.0,15720.0,10629.0,,,,5832.0,,,6363.0,21.0,,,,723.0,1282.0,8004.0,25816.0,8472.0,723.0,,,,,,,,,,,,,,,,,,,,,,,,,,,,,,,,,,,,,,,,,
2017-10-01,210605.0,107016.0,50627.0,94309.0,51447.0,35506.0,7196.0,1512.0,127613.0,50341.0,3487.0,3828.0,,,,,,,,,,,,2173.0,1221.0,9359.0,,,,8315.0,12638.0,12313.0,,,,,,,,,4620.0,24130.0,113.0,210605.0,,,,,,,210605.0,210605.0,,,,,,,145732.0,,,44261.0,,,,,,,,,,,,,,,,,,,,,,,,,,,,35500.0,15962.0,129798.0,15962.0,11150.0,,,,4429.0,,,6686.0,-6.0,,,,771.0,1268.0,7270.0,26228.0,8734.0,771.0,,,,,,,,,,,,,,,,,,,,,,,,,,,,,,,,,,,,,,,,,
2018-01-01,212082.0,108504.0,51458.0,95808.0,51567.0,36121.0,6845.0,1016.0,129397.0,51261.0,3566.0,3537.0,,,,,,,,,,,,2128.0,1231.0,9124.0,,,,8366.0,12461.0,12338.0,,,,,,,,,4660.0,24472.0,115.0,212082.0,,,,,,,212082.0,212082.0,,,,,,,147277.0,,,44015.0,,,,,,,,,,,,,,,,,,,,,,,,,,,,35805.0,15764.0,131586.0,15764.0,11180.0,,,,4993.0,,,6669.0,-18.0,,,,890.0,1357.0,8012.0,26090.0,8396.0,890.0,,,,,,,,,,,,,,,,,,,,,,,,,,,,,,,,,,,,,,,,,
2018-04-01,213047.0,108559.0,51846.0,96027.0,51680.0,36340.0,6896.0,876.0,129776.0,51812.0,3504.0,3512.0,,,,,,,,,,,,2039.0,1240.0,9547.0,,,,8391.0,12473.0,12473.0,,,,,,,,,4725.0,24335.0,116.0,213047.0,,,,,,,213047.0,213047.0,,,,,,,147609.0,,,44172.0,,,,,,,,,,,,,,,,,,,,,,,,,,,,35957.0,15743.0,131939.0,15743.0,11469.0,,,,4388.0,,,6755.0,-55.0,,,,950.0,1354.0,8205.0,25795.0,8873.0,950.0,,,,,,,,,,,,,,,,,,,,,,,,,,,,,,,,,,,,,,,,,
2018-07-01,213605.0,108779.0,52199.0,96241.0,51672.0,34934.0,7099.0,767.0,130637.0,53016.0,3436.0,3380.0,,,,,,,,,,,,2097.0,1251.0,9512.0,,,,8494.0,12521.0,12464.0,,,,,,,,,4757.0,24477.0,119.0,213605.0,,,,,,,213605.0,213605.0,,,,,,,147830.0,,,42842.0,,,,,,,,,,,,,,,,,,,,,,,,,,,,35928.0,15767.0,132131.0,15767.0,11520.0,,,,4142.0,,,6752.0,100.0,,,,1984.0,1314.0,7810.0,26212.0,8717.0,1984.0,,,,,,,,,,,,,,,,,,,,,,,,,,,,,,,,,,,,,,,,,
2018-10-01,214252.0,109965.0,52489.0,96285.0,52180.0,36538.0,7405.0,826.0,129644.0,53610.0,3339.0,3281.0,,,,,,,,,,,,2082.0,1243.0,9895.0,,,,8534.0,12444.0,12358.0,,,,,,,,,4757.0,24533.0,122.0,214252.0,,,,,,,214252.0,214252.0,,,,,,,148431.0,,,44850.0,,,,,,,,,,,,,,,,,,,,,,,,,,,,36187.0,16018.0,132440.0,16018.0,12090.0,,,,3976.0,,,6841.0,65.0,,,,974.0,1343.0,8185.0,26694.0,8685.0,974.0,,,,,,,,,,,,,,,,,,,,,,,,,,,,,,,,,,,,,,,,,
2019-01-01,216842.0,113203.0,51636.0,96439.0,53044.0,37690.0,7556.0,2236.0,130504.0,53987.0,3482.0,3324.0,,,,,,,,,,,,2160.0,1219.0,9963.0,,,,8696.0,12209.0,12410.0,,,,,,,,,4748.0,24617.0,124.0,216842.0,,,,,,,216842.0,216842.0,,,,,,,149410.0,,,47582.0,,,,,,,,,,,,,,,,,,,,,,,,,,,,36821.0,16227.0,133228.0,16227.0,11808.0,,,,4941.0,,,6929.0,37.0,,,,969.0,1359.0,7983.0,27898.0,8959.0,969.0,,,,,,,,,,,,,,,,,,,,,,,,,,,,,,,,,,,,,,,,,
2019-04-01,217811.0,114215.0,52432.0,97038.0,52970.0,38412.0,7533.0,1604.0,130491.0,56389.0,3528.0,3024.0,,,,,,,,,,,,2139.0,1203.0,10021.0,,,,8738.0,12402.0,12499.0,,,,,,,,,4976.0,24906.0,124.0,217811.0,,,,,,,217811.0,217811.0,,,,,,,149936.0,,,47574.0,,,,,,,,,,,,,,,,,,,,,,,,,,,,36909.0,16086.0,133896.0,16086.0,12032.0,,,,5167.0,,,6992.0,16.0,,,,984.0,1377.0,8101.0,28459.0,9029.0,984.0,,,,,,,,,,,,,,,,,,,,,,,,,,,,,,,,,,,,,,,,,
2019-07-01,218848.0,115903.0,52224.0,97109.0,53297.0,39798.0,7317.0,1603.0,132012.0,55744.0,3587.0,2850.0,,,,,,,,,,,,2119.0,1210.0,10285.0,,,,8875.0,12611.0,12547.0,,,,,,,,,4904.0,24824.0,131.0,218848.0,,,,,,,218848.0,218848.0,,,,,,,150368.0,,,48731.0,,,,,,,,,,,,,,,,,,,,,,,,,,,,37050.0,16273.0,134138.0,16273.0,12267.0,,,,5755.0,,,6969.0,65.0,,,,1063.0,1387.0,9269.0,28541.0,8985.0,1063.0,,,,,,,,,,,,,,,,,,,,,,,,,,,,,,,,,,,,,,,,,
2019-10-01,219079.0,117524.0,51840.0,97713.0,53483.0,39583.0,7151.0,1092.0,133041.0,56194.0,3564.0,2663.0,,,,,,,,,,,,2142.0,1219.0,10085.0,,,,9041.0,12303.0,12587.0,,,,,,,,,4895.0,25108.0,135.0,219079.0,,,,,,,219079.0,219079.0,,,,,,,151222.0,,,47874.0,,,,,,,,,,,,,,,,,,,,,,,,,,,,37087.0,16414.0,134828.0,16414.0,11964.0,,,,5629.0,,,6942.0,74.0,,,,1007.0,1364.0,8077.0,29209.0,9049.0,1007.0,,,,,,,,,,,,,,,,,,,,,,,,,,,,,,,,,,,,,,,,,
2020-01-01,216588.0,114640.0,52041.0,94959.0,54022.0,39504.0,7595.0,-797.0,131317.0,56458.0,3558.0,2508.0,,,,,,,,,,,,2292.0,1236.0,10248.0,,,,9289.0,12965.0,12400.0,,,,,,,,,4450.0,24831.0,173.0,216588.0,,,,,,,216588.0,216588.0,,,,,,,149009.0,,,46373.0,,,,,,,,,,,,,,,,,,,,,,,,,,,,36852.0,17164.0,131832.0,17164.0,12092.0,,,,4618.0,,,7466.0,93.0,,,,923.0,1460.0,8197.0,29026.0,9306.0,923.0,,,,,,,,,,,,,,,,,,,,,,,,,,,,,,,,,,,,,,,,,
2020-04-01,198536.0,103854.0,45304.0,85048.0,52845.0,34628.0,7670.0,896.0,117460.0,48892.0,3557.0,2406.0,,,,,,,,,,,,2169.0,1142.0,9583.0,,,,9013.0,12490.0,12301.0,,,,,,,,,3369.0,22996.0,171.0,198536.0,,,,,,,198536.0,198536.0,,,,,,,137889.0,,,43181.0,,,,,,,,,,,,,,,,,,,,,,,,,,,,35844.0,16996.0,120875.0,16996.0,11429.0,,,,2399.0,,,6798.0,74.0,,,,964.0,1259.0,7536.0,25336.0,9150.0,964.0,,,,,,,,,,,,,,,,,,,,,,,,,,,,,,,,,,,,,,,,,
2020-07-01,211598.0,114702.0,45823.0,92506.0,54639.0,37520.0,7469.0,-993.0,130722.0,50073.0,3594.0,1748.0,,,,,,,,,,,,2352.0,1183.0,10043.0,,,,9274.0,12181.0,12510.0,,,,,,,,,3881.0,24978.0,176.0,211598.0,,,,,,,211598.0,211598.0,,,,,,,147133.0,,,43995.0,,,,,,,,,,,,,,,,,,,,,,,,,,,,37511.0,17135.0,130014.0,17135.0,11903.0,,,,3574.0,,,7342.0,72.0,,,,1030.0,1364.0,7718.0,27726.0,9232.0,1030.0,,,,,,,,,,,,,,,,,,,,,,,,,,,,,,,,,,,,,,,,,
2020-10-01,212486.0,118958.0,46460.0,91834.0,54746.0,37937.0,8091.0,-284.0,135041.0,50503.0,3616.0,2088.0,,,,,,,,,,,,2364.0,1215.0,10047.0,,,,9404.0,12204.0,12477.0,,,,,,,,,3718.0,24662.0,208.0,212486.0,,,,,,,212486.0,212486.0,,,,,,,146619.0,,,45757.0,,,,,,,,,,,,,,,,,,,,,,,,,,,,37377.0,17361.0,129251.0,17361.0,12225.0,,,,4249.0,,,7439.0,95.0,,,,1053.0,1379.0,7969.0,28504.0,9197.0,1053.0,,,,,,,,,,,,,,,,,,,,,,,,,,,,,,,,,,,,,,,,,
2021-01-01,214314.0,121523.0,48084.0,88415.0,55613.0,39205.0,7872.0,3677.0,138137.0,50909.0,3617.0,1846.0,,,,,,,,,,,,2332.0,1245.0,10196.0,,,,9473.0,12936.0,12269.0,,,,,,,,,3033.0,24712.0,197.0,214314.0,,,,,,,214314.0,214314.0,,,,,,,143985.0,,,50810.0,,,,,,,,,,,,,,,,,,,,,,,,,,,,37935.0,17673.0,126320.0,17673.0,12674.0,,,,4313.0,,,7501.0,69.0,,,,1123.0,1200.0,7842.0,29668.0,9457.0,1123.0,,,,,,,,,,,,,,,,,,,,,,,,,,,,,,,,,,,,,,,,,
2021-04-01,222709.0,122616.0,45428.0,95028.0,57160.0,37901.0,7613.0,2661.0,140144.0,50171.0,3878.0,1866.0,,,,,,,,,,,,2364.0,1224.0,10274.0,,,,9958.0,12595.0,12755.0,,,,,,,,,4168.0,25057.0,212.0,222709.0,,,,,,,222709.0,222709.0,,,,,,,152162.0,,,48125.0,,,,,,,,,,,,,,,,,,,,,,,,,,,,39181.0,17975.0,134177.0,17975.0,12562.0,,,,3626.0,,,7426.0,64.0,,,,1215.0,1162.0,7675.0,28520.0,9396.0,1215.0,,,,,,,,,,,,,,,,,,,,,,,,,,,,,,,,,,,,,,,,,
2021-07-01,226943.0,125280.0,48630.0,98902.0,56574.0,38158.0,7389.0,3340.0,141502.0,54960.0,3688.0,1503.0,,,,,,,,,,,,2358.0,1103.0,10392.0,,,,9797.0,12635.0,12807.0,,,,,,,,,4645.0,25329.0,216.0,226943.0,,,,,,,226943.0,226943.0,,,,,,,155454.0,,,48913.0,,,,,,,,,,,,,,,,,,,,,,,,,,,,38905.0,17679.0,137799.0,17679.0,12688.0,,,,3414.0,,,7547.0,75.0,,,,1176.0,1190.0,7677.0,28565.0,9320.0,1176.0,,,,,,,,,,,,,,,,,,,,,,,,,,,,,,,,,,,,,,,,,
2021-10-01,227331.0,125908.0,46307.0,98378.0,56773.0,38890.0,7560.0,3949.0,139763.0,54561.0,3615.0,1204.0,,,,,,,,,,,,2534.0,1078.0,10552.0,,,,9699.0,12887.0,12868.0,,,,,,,,,4273.0,25678.0,223.0,227331.0,,,,,,,227331.0,227331.0,,,,,,,155225.0,,,50379.0,,,,,,,,,,,,,,,,,,,,,,,,,,,,39013.0,17771.0,137477.0,17771.0,12755.0,,,,3757.0,,,7707.0,101.0,,,,1216.0,1224.0,7949.0,29056.0,9414.0,1216.0,,,,,,,,,,,,,,,,,,,,,,,,,,,,,,,,,,,,,,,,,
2022-01-01,229498.0,123905.0,52765.0,99576.0,56840.0,39377.0,7532.0,5928.0,139071.0,58012.0,3542.0,1511.0,,,,,,,,,,,,2380.0,1223.0,10926.0,,,,10695.0,12689.0,12836.0,,,,,,,,,4072.0,24814.0,232.0,229498.0,,,,,,,229498.0,229498.0,,,,,,,156392.0,,,52886.0,,,,,,,,,,,,,,,,,,,,,,,,,,,,39021.0,17829.0,138589.0,17829.0,12758.0,,,,3490.0,,,8034.0,94.0,,,,1241.0,1258.0,8384.0,29056.0,9434.0,1241.0,,,,,,,,,,,,,,,,,,,,,,,,,,,,,,,,,,,,,,,,,
2022-04-01,235585.0,125156.0,52833.0,102308.0,57234.0,40257.0,7355.0,4289.0,142708.0,59345.0,3645.0,1372.0,,,,,,,,,,,,2472.0,1237.0,10976.0,,,,11185.0,13044.0,13144.0,,,,,,,,,5334.0,25127.0,266.0,235585.0,,,,,,,235585.0,235585.0,,,,,,,159538.0,,,51828.0,,,,,,,,,,,,,,,,,,,,,,,,,,,,39039.0,18189.0,141329.0,18189.0,12905.0,,,,3653.0,,,8259.0,83.0,,,,1238.0,1271.0,8659.0,29561.0,9365.0,1238.0,,,,,,,,,,,,,,,,,,,,,,,,,,,,,,,,,,,,,,,,,
2022-07-01,235555.0,125637.0,52877.0,102767.0,57435.0,40482.0,7363.0,4374.0,142178.0,59467.0,3806.0,1286.0,,,,,,,,,,,,2431.0,1189.0,10943.0,,,,11369.0,12852.0,13213.0,,,,,,,,,5531.0,25312.0,278.0,235555.0,,,,,,,235555.0,235555.0,,,,,,,160204.0,,,52241.0,,,,,,,,,,,,,,,,,,,,,,,,,,,,38971.0,18463.0,141733.0,18463.0,12753.0,,,,3982.0,,,8333.0,91.0,,,,1241.0,1276.0,8392.0,29778.0,9651.0,1241.0,,,,,,,,,,,,,,,,,,,,,,,,,,,,,,,,,,,,,,,,,
2022-10-01,235291.0,128631.0,52326.0,102453.0,57522.0,41259.0,7272.0,3881.0,144896.0,59028.0,3648.0,1265.0,,,,,,,,,,,,2330.0,1168.0,11131.0,,,,11280.0,12603.0,13351.0,,,,,,,,,5504.0,25452.0,275.0,235291.0,,,,,,,235291.0,235291.0,,,,,,,160029.0,,,52364.0,,,,,,,,,,,,,,,,,,,,,,,,,,,,39084.0,18448.0,141601.0,18448.0,12785.0,,,,4178.0,,,8552.0,88.0,,,,1323.0,1286.0,8551.0,30310.0,9692.0,1323.0,,,,,,,,,,,,,,,,,,,,,,,,,,,,,,,,,,,,,,,,,
2023-01-01,234931.0,125984.0,53159.0,103112.0,58099.0,41960.0,7585.0,-1219.0,145634.0,58997.0,3634.0,1166.0,,,,,,,,,,,,2343.0,1152.0,11500.0,,,,11215.0,12515.0,13362.0,,,,,,,,,5275.0,25495.0,266.0,234931.0,,,,,,,234931.0,234931.0,,,,,,,161186.0,,,48305.0,,,,,,,,,,,,,,,,,,,,,,,,,,,,39324.0,18783.0,142430.0,18783.0,13195.0,,,,4622.0,,,8338.0,101.0,,,,1245.0,1360.0,8951.0,30797.0,9668.0,1245.0,,,,,,,,,,,,,,,,,,,,,,,,,,,,,,,,,,,,,,,,,
2023-04-01,234448.0,124240.0,53516.0,102619.0,58295.0,41343.0,7419.0,1289.0,141692.0,59316.0,3490.0,932.0,,,,,,,,,,,,2593.0,1169.0,11185.0,,,,11137.0,12604.0,13394.0,,,,,,,,,5624.0,25198.0,330.0,234448.0,,,,,,,234448.0,234448.0,,,,,,,160950.0,,,49932.0,,,,,,,,,,,,,,,,,,,,,,,,,,,,39711.0,18578.0,142347.0,18578.0,12535.0,,,,4995.0,,,8378.0,122.0,,,,1343.0,1371.0,8863.0,30320.0,9549.0,1343.0,,,,,,,,,,,,,,,,,,,,,,,,,,,,,,,,,,,,,,,,,
2023-07-01,233430.0,117449.0,53355.0,101701.0,59467.0,40278.0,7659.0,-982.0,136405.0,59420.0,3613.0,858.0,,,,,,,,,,,,2412.0,1172.0,11039.0,,,,11193.0,12791.0,13448.0,,,,,,,,,5483.0,24892.0,370.0,233430.0,,,,,,,233430.0,233430.0,,,,,,,161211.0,,,46837.0,,,,,,,,,,,,,,,,,,,,,,,,,,,,39913.0,19555.0,141648.0,19555.0,12338.0,,,,4612.0,,,8183.0,49.0,,,,1381.0,1299.0,8482.0,29839.0,9702.0,1381.0,,,,,,,,,,,,,,,,,,,,,,,,,,,,,,,,,,,,,,,,,
2023-10-01,233921.0,121220.0,53268.0,102865.0,59907.0,39485.0,7455.0,-1538.0,140096.0,59736.0,3578.0,804.0,,,,,,,,,,,,2282.0,1188.0,11036.0,,,,11358.0,12734.0,13459.0,,,,,,,,,5536.0,24923.0,374.0,233921.0,,,,,,,233921.0,233921.0,,,,,,,162819.0,,,45226.0,,,,,,,,,,,,,,,,,,,,,,,,,,,,40289.0,19627.0,143217.0,19627.0,12260.0,,,,3802.0,,,7956.0,73.0,,,,1300.0,1280.0,8238.0,29176.0,9534.0,1300.0,,,,,,,,,,,,,,,,,,,,,,,,,,,,,,,,,,,,,,,,,
2024-01-01,233310.0,119660.0,53753.0,103366.0,59949.0,40006.0,7304.0,-1588.0,137157.0,60344.0,3502.0,800.0,,,,,,,,,,,,2536.0,1230.0,10718.0,,,,11362.0,12562.0,13553.0,,,,,,,,,5482.0,25173.0,479.0,233310.0,,,,,,,233310.0,233310.0,,,,,,,163329.0,,,45625.0,,,,,,,,,,,,,,,,,,,,,,,,,,,,40133.0,19804.0,143550.0,19804.0,12212.0,,,,4491.0,,,7910.0,111.0,,,,1104.0,1276.0,8361.0,29385.0,9363.0,1104.0,,,,,,,,,,,,,,,,,,,,,,,,,,,,,,,,,,,,,,,,,
2024-04-01,235833.0,121947.0,53310.0,102632.0,60541.0,39988.0,7670.0,-623.0,139973.0,60834.0,3444.0,811.0,,,,,,,,,,,,2509.0,1257.0,10868.0,,,,11466.0,12289.0,13580.0,,,,,,,,,5667.0,25272.0,270.0,235833.0,,,,,,,235833.0,235833.0,,,,,,,163255.0,,,46969.0,,,,,,,,,,,,,,,,,,,,,,,,,,,,40596.0,19933.0,143295.0,19933.0,12454.0,,,,4619.0,,,7976.0,96.0,,,,1216.0,1280.0,8387.0,29697.0,9493.0,1216.0,,,,,,,,,,,,,,,,,,,,,,,,,,,,,,,,,,,,,,,,,
2024-07-01,237774.0,122494.0,53878.0,103547.0,61013.0,40324.0,7484.0,87.0,140468.0,61211.0,3447.0,798.0,,,,,,,,,,,,2611.0,1308.0,10932.0,,,,11509.0,12425.0,13656.0,,,,,,,,,5671.0,25412.0,268.0,237774.0,,,,,,,237774.0,237774.0,,,,,,,164644.0,,,47855.0,,,,,,,,,,,,,,,,,,,,,,,,,,,,40911.0,20103.0,144531.0,20103.0,12500.0,,,,4532.0,,,8114.0,72.0,,,,1087.0,1345.0,8423.0,29855.0,9274.0,1087.0,,,,,,,,,,,,,,,,,,,,,,,,,,,,,,,,,,,,,,,,,
